,precision,recall,f1-score,support
ok,0.9363636363636364,0.9935691318327974,0.9641185647425897,311.0
defective,0.995475113122172,0.9544468546637744,0.9745293466223699,461.0
accuracy,0.9702072538860104,0.9702072538860104,0.9702072538860104,0.9702072538860104
macro avg,0.9659193747429042,0.9740079932482859,0.9693239556824798,772.0
weighted avg,0.9716620700238501,0.9702072538860104,0.9703353658391941,772.0
