,precision,recall,f1-score,support
ok,0.9680511182108626,0.9742765273311897,0.9711538461538461,311.0
defective,0.9825708061002179,0.9783080260303688,0.9804347826086957,461.0
accuracy,0.9766839378238342,0.9766839378238342,0.9766839378238342,0.9766839378238342
macro avg,0.9753109621555403,0.9762922766807793,0.9757943143812708,772.0
weighted avg,0.9767215535955682,0.9766839378238342,0.9766959597622472,772.0
