{
  "accuracy": 0.9753886010362695,
  "precision": 0.9742489270386266,
  "recall": 0.9848156182212582,
  "f1": 0.9795037756202805,
  "defective_recall": 0.9848156182212582,
  "confusion_matrix": [
    [
      299,
      12
    ],
    [
      7,
      454
    ]
  ],
  "classification_report": {
    "ok": {
      "precision": 0.9771241830065359,
      "recall": 0.9614147909967846,
      "f1-score": 0.9692058346839546,
      "support": 311.0
    },
    "defective": {
      "precision": 0.9742489270386266,
      "recall": 0.9848156182212582,
      "f1-score": 0.9795037756202805,
      "support": 461.0
    },
    "accuracy": 0.9753886010362695,
    "macro avg": {
      "precision": 0.9756865550225813,
      "recall": 0.9731152046090215,
      "f1-score": 0.9743548051521176,
      "support": 772.0
    },
    "weighted avg": {
      "precision": 0.975407223160414,
      "recall": 0.9753886010362695,
      "f1-score": 0.9753552527819419,
      "support": 772.0
    }
  },
  "roc_auc": 0.9969763759756158,
  "false_ok_count": 7,
  "false_defective_count": 12,
  "model_size_kb": 30.984375,
  "latency_ms": 0.44107058333869037,
  "p95_ms": 0.49528779993579525,
  "p99_ms": 0.7322524701066866,
  "fps": 2267.210822427751,
  "equivalence_max_abs_diff": 5.245208740234375e-06,
  "equivalence_mean_abs_diff": 3.5017728805541992e-06,
  "equivalence_class_match_rate": 1.0,
  "fp32_path": "experiments/research_20260601/dedup_training/exported/micro_edge_dedup_exact_fp32.tflite",
  "int8_path": "experiments/research_20260601/dedup_training/exported/micro_edge_dedup_exact_int8.tflite"
}