profile,brier_score,ece_10_bins,n
micro_edge_int8_tflite_exact,0.006959238698465328,0.01979115242806063,715
micro_edge_research,0.006124326562043306,0.023065803018076966,715
