profile,mean_ms,median_ms,p95_ms,p99_ms,min_ms,max_ms,std_ms,fps_mean,notes
baseline_pc_research,10.926961060034955,10.725234998972155,13.489141149057104,14.942075259095871,8.4987270001875,15.752692001115065,1.470641863112408,91.51675333203768,pytorch_cpu_proxy
edge_sbc_research,3.7373089430202526,3.55234400012705,4.848551400482393,8.205306540239684,2.5390579994564177,23.963031000675983,1.1606469094531848,267.5722064314716,pytorch_cpu_proxy
micro_edge_research,1.1032571480300248,1.0183095000684261,1.5647553003873325,1.8385081997075756,0.7510109990107594,2.409411999906297,0.2522293500047528,906.4069983916254,pytorch_cpu_proxy
micro_edge_int8_tflite_exact,0.49311604298964085,0.4796529992745491,0.6129316500846468,0.8275210300780599,0.4139119992032647,0.9847669989540009,0.06878204766706329,2027.920231386606,tflite_cpu_proxy
