,precision,recall,f1-score,support
ok,0.9674267100977199,0.954983922829582,0.9611650485436893,311.0
defective,0.9698924731182795,0.9783080260303688,0.9740820734341252,461.0
accuracy,0.9689119170984456,0.9689119170984456,0.9689119170984456,0.9689119170984456
macro avg,0.9686595916079996,0.9666459744299754,0.9676235609889072,772.0
weighted avg,0.9688991411242458,0.9689119170984456,0.9688784533033926,772.0
