{
  "accuracy": 0.9689119170984456,
  "precision": 0.9698924731182795,
  "recall": 0.9783080260303688,
  "f1": 0.9740820734341252,
  "defective_recall": 0.9783080260303688,
  "confusion_matrix": [
    [
      297,
      14
    ],
    [
      10,
      451
    ]
  ],
  "classification_report": {
    "ok": {
      "precision": 0.9674267100977199,
      "recall": 0.954983922829582,
      "f1-score": 0.9611650485436893,
      "support": 311.0
    },
    "defective": {
      "precision": 0.9698924731182795,
      "recall": 0.9783080260303688,
      "f1-score": 0.9740820734341252,
      "support": 461.0
    },
    "accuracy": 0.9689119170984456,
    "macro avg": {
      "precision": 0.9686595916079996,
      "recall": 0.9666459744299754,
      "f1-score": 0.9676235609889072,
      "support": 772.0
    },
    "weighted avg": {
      "precision": 0.9688991411242458,
      "recall": 0.9689119170984456,
      "f1-score": 0.9688784533033926,
      "support": 772.0
    }
  },
  "roc_auc": 0.9954802575137232,
  "profile": "baseline_pc_dedup",
  "false_ok_count": 10,
  "false_defective_count": 14
}